0, a Japanese painting of a big wave in a calm ocean
1, tsunami ukiyo-e
2, cause and effect
3, rogue wave ukiyo-e
4, robot unsplash
5, an oil painting of a ship being hit by a rogue wave by Van Gogh
6, offshore oil platform in a stormrogue waveillustration
7, a man looking at the ocean waves during sunset
8, black holehurricane
9, rogue wave velvia
10, rogue wave under a full moon Unsplash contest winner
11, a ship hit by a rogue wave in the distance:80unsplash:20
12, great wave unreal engine
13, an oil painting of a ship being hit by a rogue wave
14, rogue wave under a full moon:80impressionism:20
15, the great wave
16, a scientist looking at the ocean swell during sunset
17, a rogue wave destroying a ship
18, rogue wave2D game art
19, a ship hit by a rogue wave unsplash
20, great wave off kanagawa unreal engine
21, two tidal waves colliding
22, great wave van gogh
23, rogue wave simulation
24, a cartoon robot surfing on a big wave
25, causality
26, a robot surfing on a big wave unsplash
27, a man looking at the ocean waves during sunset
28, turbulent ocean waves illustration
29, rogue wave:67artstation:33
30, rogue waveforest
31, great wave outrun
32, cause and effect
33, a cartoon robot surfing on a big wave
34, rogue wave ukiyo-e
35, a ship being hit by a rogue wave under a full moon
36, robot unsplash
37, a great wave off the coast of miami in the style of vaporwave
38, rogue wave2D game art
39, rogue wave under a full moon Unsplash contest winner
40, rogue wave book cover
41, rogue wave2D game art
42, rogue wave poster art
43, a ship hit by a rogue wave national geographic
44, offshore oil platform in a stormrogue waveKodak
45, offshore oil platform in a storm
46, a big wave in a calm ocean impressionist
47, wall of waterwavenational geographic
48, a huge ocean wave unsplash
49, black hole hurricane unreal engine
50, rogue wave under a full moon impressionism
51, black hole hurricane
52, a ship hit by a rogue wave national geographic